{"cameraMode":{"drawMode":0,"name":"Shaded","section":"Shading Mode"},"sceneLighting":true,"audioPlay":false,"sceneViewState":{"showFog":true,"showMaterialUpdate":false,"showSkybox":true,"showFlares":true,"showImageEffects":true,"showParticleSystems":true},"in2DMode":false,"pivot":{"x":-2.553245782852173,"y":4.997257709503174,"z":36.90251922607422},"rotation":{"x":0.0790715366601944,"y":0.03200099617242813,"z":0.002482613082975149,"w":-0.9963856935501099},"size":22.0,"orthographic":false}