{"cameraMode":{"drawMode":0,"name":"Shaded","section":"Shading Mode"},"sceneLighting":true,"audioPlay":false,"sceneViewState":{"showFog":true,"showMaterialUpdate":false,"showSkybox":true,"showFlares":true,"showImageEffects":true,"showParticleSystems":true},"in2DMode":false,"pivot":{"x":-171.88365173339845,"y":70.17584991455078,"z":123.99148559570313},"rotation":{"x":-0.026450952515006067,"y":-0.8644493818283081,"z":0.045680608600378039,"w":-0.5000091195106506},"size":-21.951171875,"orthographic":false}